Hostname,IP Address,OS,Running Processes,Running Threads,Time,Packets Sent,Packets Received,Bytes Sent,Bytes Received,Errors In,Errors Out,Dropped Packets In,Dropped Packets Out
HP-Pavilion,192.168.56.1,Windows,"System Idle Process, System, , Registry, smss.exe, csrss.exe, wininit.exe, csrss.exe, services.exe, LsaIso.exe, lsass.exe, winlogon.exe, brave.exe, brave.exe, svchost.exe, svchost.exe, fontdrvhost.exe, fontdrvhost.exe, WUDFHost.exe, svchost.exe, svchost.exe, dwm.exe, svchost.exe, svchost.exe, svchost.exe, svchost.exe, IntelCpHDCPSvc.exe, svchost.exe, svchost.exe, svchost.exe, svchost.exe, svchost.exe, svchost.exe, svchost.exe, svchost.exe, svchost.exe, conhost.exe, svchost.exe, svchost.exe, IntelCpHeciSvc.exe, svchost.exe, svchost.exe, kpm_tray.exe, Code.exe, svchost.exe, AppHelperCap.exe, DiagsCap.exe, NetworkCap.exe, OmenCap.exe, svchost.exe, SysInfoCap.exe, svchost.exe, TouchpointAnalyticsClientService.exe, wlanext.exe, svchost.exe, conhost.exe, svchost.exe, Code.exe, svchost.exe, svchost.exe, svchost.exe, WmiPrvSE.exe, svchost.exe, WhatsApp.exe, unsecapp.exe, brave.exe, NVDisplay.Container.exe, svchost.exe, WmiPrvSE.exe, svchost.exe, svchost.exe, svchost.exe, svchost.exe, igfxCUIService.exe, MemCompression, svchost.exe, svchost.exe, brave.exe, BridgeCommunication.exe, svchost.exe, svchost.exe, NVDisplay.Container.exe, SystemSettingsBroker.exe, svchost.exe, svchost.exe, brave.exe, svchost.exe, svchost.exe, brave.exe, svchost.exe, OfficeClickToRun.exe, svchost.exe, svchost.exe, AGSService.exe, svchost.exe, svchost.exe, IGCC.exe, brave.exe, brave.exe, spoolsv.exe, svchost.exe, svchost.exe, Microsoft.SharePoint.exe, brave.exe, OneApp.IGCC.WinService.exe, svchost.exe, ibtsiva.exe, dllhost.exe, AGMService.exe, svchost.exe, backgroundTaskHost.exe, armsvc.exe, svchost.exe, svchost.exe, avp.exe, ETDService.exe, svchost.exe, svchost.exe, IpOverUsbSvc.exe, esif_uf.exe, HpHwDiag.exe, LMS.exe, svchost.exe, mysqld.exe, svchost.exe, RstMwService.exe, RtkAudUService64.exe, mongod.exe, svchost.exe, SECOMN64.exe, nvcontainer.exe, WmiPrvSE.exe, ss_conn_service.exe, ss_conn_service2.exe, svchost.exe, vmware-authd.exe, vmnetdhcp.exe, vmware-usbarbitrator64.exe, vmnat.exe, cmd.exe, svchost.exe, jhi_service.exe, brave.exe, Rainmeter.exe, rundll32.exe, NVIDIA Share.exe, ctfmon.exe, mysqld.exe, svchost.exe, RuntimeBroker.exe, conhost.exe, svchost.exe, XboxGameBarSpotify.exe, svchost.exe, brave.exe, svchost.exe, AggregatorHost.exe, svchost.exe, RuntimeBroker.exe, ETDCtrl.exe, sihost.exe, brave.exe, NVIDIA Web Helper.exe, svchost.exe, svchost.exe, svchost.exe, PresentationFontCache.exe, svchost.exe, svchost.exe, taskhostw.exe, SystemOptimizer.exe, cmd.exe, nvcontainer.exe, nvcontainer.exe, svchost.exe, igfxEM.exe, acrotray.exe, brave.exe, explorer.exe, python.exe, svchost.exe, svchost.exe, Video.UI.exe, svchost.exe, hpqwmiex.exe, Code.exe, SearchHost.exe, ShellExperienceHost.exe, StartMenuExperienceHost.exe, conhost.exe, svchost.exe, Widgets.exe, svchost.exe, brave.exe, RuntimeBroker.exe, svchost.exe, svchost.exe, Code.exe, RuntimeBroker.exe, dasHost.exe, Code.exe, brave.exe, SearchIndexer.exe, dllhost.exe, ApplicationFrameHost.exe, avpui.exe, GameBarFTServer.exe, svchost.exe, Code.exe, SystemSettings.exe, brave.exe, svchost.exe, nvsphelper64.exe, NVIDIA Share.exe, Code.exe, TextInputHost.exe, svchost.exe, RuntimeBroker.exe, NVIDIA Share.exe, GoogleCrashHandler.exe, GoogleCrashHandler64.exe, RuntimeBroker.exe, BraveCrashHandler.exe, svchost.exe, BraveCrashHandler64.exe, GameBar.exe, SgrmBroker.exe, svchost.exe, HPCommRecovery.exe, unsecapp.exe, brave.exe, HP.JumpStarts.exe, brave.exe, svchost.exe, OmenCommandCenterBackground.exe, RtkAudUService64.exe, RuntimeBroker.exe, SecurityHealthSystray.exe, SecurityHealthService.exe, brave.exe, svchost.exe, Code.exe, DataExchangeHost.exe, dllhost.exe, Code.exe, svchost.exe, svchost.exe, PhoneExperienceHost.exe, svchost.exe, OneDrive.exe, TouchpointGpuInfo.exe, conhost.exe, conhost.exe, svchost.exe, Code.exe, RuntimeBroker.exe, HPAudioSwitch.exe, HPSystemEventUtilityHost.exe, svchost.exe, svchost.exe, Code.exe, Code.exe, taskhostw.exe, UserOOBEBroker.exe, svchost.exe, RuntimeBroker.exe, dllhost.exe, svchost.exe, BridgeCommunication.exe, svchost.exe, python.exe, RuntimeBroker.exe, cmd.exe",1,1679690718.9770594,86406,190527,12314705,255705103,0,0,0,0
HP-Pavilion,192.168.56.1,Windows,"System Idle Process, System, , Registry, smss.exe, csrss.exe, wininit.exe, csrss.exe, services.exe, LsaIso.exe, lsass.exe, winlogon.exe, brave.exe, brave.exe, svchost.exe, svchost.exe, fontdrvhost.exe, fontdrvhost.exe, WUDFHost.exe, svchost.exe, svchost.exe, dwm.exe, svchost.exe, svchost.exe, svchost.exe, svchost.exe, IntelCpHDCPSvc.exe, svchost.exe, svchost.exe, svchost.exe, svchost.exe, svchost.exe, svchost.exe, svchost.exe, svchost.exe, svchost.exe, conhost.exe, svchost.exe, svchost.exe, IntelCpHeciSvc.exe, svchost.exe, svchost.exe, kpm_tray.exe, Code.exe, svchost.exe, AppHelperCap.exe, DiagsCap.exe, NetworkCap.exe, OmenCap.exe, svchost.exe, SysInfoCap.exe, svchost.exe, TouchpointAnalyticsClientService.exe, wlanext.exe, svchost.exe, conhost.exe, svchost.exe, Code.exe, svchost.exe, svchost.exe, svchost.exe, WmiPrvSE.exe, svchost.exe, WhatsApp.exe, unsecapp.exe, brave.exe, NVDisplay.Container.exe, svchost.exe, WmiPrvSE.exe, svchost.exe, svchost.exe, svchost.exe, svchost.exe, igfxCUIService.exe, MemCompression, svchost.exe, svchost.exe, brave.exe, BridgeCommunication.exe, svchost.exe, svchost.exe, NVDisplay.Container.exe, SystemSettingsBroker.exe, svchost.exe, svchost.exe, brave.exe, svchost.exe, svchost.exe, brave.exe, svchost.exe, OfficeClickToRun.exe, svchost.exe, svchost.exe, AGSService.exe, svchost.exe, svchost.exe, IGCC.exe, brave.exe, brave.exe, spoolsv.exe, svchost.exe, svchost.exe, Microsoft.SharePoint.exe, brave.exe, OneApp.IGCC.WinService.exe, svchost.exe, ibtsiva.exe, dllhost.exe, AGMService.exe, svchost.exe, backgroundTaskHost.exe, armsvc.exe, svchost.exe, svchost.exe, avp.exe, ETDService.exe, svchost.exe, svchost.exe, IpOverUsbSvc.exe, esif_uf.exe, HpHwDiag.exe, LMS.exe, svchost.exe, mysqld.exe, svchost.exe, RstMwService.exe, RtkAudUService64.exe, mongod.exe, svchost.exe, SECOMN64.exe, nvcontainer.exe, WmiPrvSE.exe, ss_conn_service.exe, ss_conn_service2.exe, svchost.exe, vmware-authd.exe, vmnetdhcp.exe, vmware-usbarbitrator64.exe, vmnat.exe, cmd.exe, svchost.exe, jhi_service.exe, brave.exe, Rainmeter.exe, rundll32.exe, NVIDIA Share.exe, ctfmon.exe, mysqld.exe, svchost.exe, RuntimeBroker.exe, conhost.exe, svchost.exe, XboxGameBarSpotify.exe, svchost.exe, brave.exe, svchost.exe, AggregatorHost.exe, svchost.exe, RuntimeBroker.exe, ETDCtrl.exe, sihost.exe, brave.exe, NVIDIA Web Helper.exe, svchost.exe, svchost.exe, svchost.exe, PresentationFontCache.exe, svchost.exe, svchost.exe, taskhostw.exe, SystemOptimizer.exe, cmd.exe, nvcontainer.exe, nvcontainer.exe, svchost.exe, igfxEM.exe, acrotray.exe, brave.exe, explorer.exe, python.exe, svchost.exe, svchost.exe, Video.UI.exe, svchost.exe, hpqwmiex.exe, Code.exe, SearchHost.exe, ShellExperienceHost.exe, StartMenuExperienceHost.exe, conhost.exe, svchost.exe, Widgets.exe, svchost.exe, brave.exe, RuntimeBroker.exe, svchost.exe, svchost.exe, Code.exe, RuntimeBroker.exe, dasHost.exe, Code.exe, brave.exe, SearchIndexer.exe, dllhost.exe, ApplicationFrameHost.exe, avpui.exe, GameBarFTServer.exe, svchost.exe, Code.exe, SystemSettings.exe, brave.exe, svchost.exe, nvsphelper64.exe, NVIDIA Share.exe, Code.exe, TextInputHost.exe, svchost.exe, RuntimeBroker.exe, NVIDIA Share.exe, GoogleCrashHandler.exe, GoogleCrashHandler64.exe, RuntimeBroker.exe, BraveCrashHandler.exe, svchost.exe, BraveCrashHandler64.exe, GameBar.exe, SgrmBroker.exe, svchost.exe, HPCommRecovery.exe, unsecapp.exe, brave.exe, HP.JumpStarts.exe, brave.exe, svchost.exe, OmenCommandCenterBackground.exe, RtkAudUService64.exe, RuntimeBroker.exe, SecurityHealthSystray.exe, SecurityHealthService.exe, brave.exe, svchost.exe, Code.exe, DataExchangeHost.exe, dllhost.exe, Code.exe, svchost.exe, svchost.exe, PhoneExperienceHost.exe, svchost.exe, OneDrive.exe, TouchpointGpuInfo.exe, conhost.exe, conhost.exe, svchost.exe, Code.exe, RuntimeBroker.exe, HPAudioSwitch.exe, HPSystemEventUtilityHost.exe, svchost.exe, svchost.exe, Code.exe, Code.exe, taskhostw.exe, UserOOBEBroker.exe, svchost.exe, RuntimeBroker.exe, dllhost.exe, svchost.exe, BridgeCommunication.exe, svchost.exe, python.exe, RuntimeBroker.exe, cmd.exe",1,1679690749.939747,86501,190634,12359926,255730342,0,0,0,0
HP-Pavilion,192.168.56.1,Windows,"System Idle Process, System, , Registry, smss.exe, csrss.exe, wininit.exe, csrss.exe, services.exe, LsaIso.exe, lsass.exe, winlogon.exe, brave.exe, brave.exe, svchost.exe, svchost.exe, fontdrvhost.exe, fontdrvhost.exe, WUDFHost.exe, svchost.exe, svchost.exe, dwm.exe, svchost.exe, svchost.exe, svchost.exe, svchost.exe, IntelCpHDCPSvc.exe, svchost.exe, svchost.exe, svchost.exe, svchost.exe, svchost.exe, svchost.exe, svchost.exe, svchost.exe, svchost.exe, conhost.exe, svchost.exe, svchost.exe, IntelCpHeciSvc.exe, svchost.exe, svchost.exe, kpm_tray.exe, Code.exe, svchost.exe, AppHelperCap.exe, DiagsCap.exe, NetworkCap.exe, OmenCap.exe, svchost.exe, SysInfoCap.exe, svchost.exe, TouchpointAnalyticsClientService.exe, wlanext.exe, svchost.exe, conhost.exe, svchost.exe, Code.exe, svchost.exe, svchost.exe, svchost.exe, WmiPrvSE.exe, svchost.exe, WhatsApp.exe, unsecapp.exe, brave.exe, NVDisplay.Container.exe, svchost.exe, WmiPrvSE.exe, svchost.exe, svchost.exe, svchost.exe, svchost.exe, igfxCUIService.exe, MemCompression, svchost.exe, svchost.exe, brave.exe, BridgeCommunication.exe, svchost.exe, svchost.exe, NVDisplay.Container.exe, SystemSettingsBroker.exe, svchost.exe, svchost.exe, brave.exe, svchost.exe, svchost.exe, brave.exe, svchost.exe, OfficeClickToRun.exe, svchost.exe, svchost.exe, AGSService.exe, svchost.exe, svchost.exe, IGCC.exe, brave.exe, brave.exe, spoolsv.exe, svchost.exe, svchost.exe, Microsoft.SharePoint.exe, brave.exe, OneApp.IGCC.WinService.exe, svchost.exe, ibtsiva.exe, dllhost.exe, AGMService.exe, svchost.exe, backgroundTaskHost.exe, armsvc.exe, svchost.exe, svchost.exe, avp.exe, ETDService.exe, svchost.exe, svchost.exe, IpOverUsbSvc.exe, esif_uf.exe, HpHwDiag.exe, LMS.exe, svchost.exe, mysqld.exe, svchost.exe, RstMwService.exe, RtkAudUService64.exe, mongod.exe, svchost.exe, SECOMN64.exe, nvcontainer.exe, WmiPrvSE.exe, ss_conn_service.exe, ss_conn_service2.exe, svchost.exe, vmware-authd.exe, vmnetdhcp.exe, vmware-usbarbitrator64.exe, vmnat.exe, cmd.exe, svchost.exe, jhi_service.exe, brave.exe, Rainmeter.exe, rundll32.exe, NVIDIA Share.exe, ctfmon.exe, mysqld.exe, svchost.exe, RuntimeBroker.exe, conhost.exe, svchost.exe, XboxGameBarSpotify.exe, svchost.exe, brave.exe, svchost.exe, AggregatorHost.exe, svchost.exe, RuntimeBroker.exe, ETDCtrl.exe, sihost.exe, brave.exe, NVIDIA Web Helper.exe, svchost.exe, svchost.exe, svchost.exe, PresentationFontCache.exe, svchost.exe, svchost.exe, taskhostw.exe, SystemOptimizer.exe, cmd.exe, nvcontainer.exe, nvcontainer.exe, svchost.exe, igfxEM.exe, acrotray.exe, brave.exe, explorer.exe, python.exe, svchost.exe, svchost.exe, Video.UI.exe, svchost.exe, hpqwmiex.exe, Code.exe, SearchHost.exe, ShellExperienceHost.exe, StartMenuExperienceHost.exe, conhost.exe, svchost.exe, Widgets.exe, svchost.exe, brave.exe, RuntimeBroker.exe, svchost.exe, svchost.exe, Code.exe, RuntimeBroker.exe, dasHost.exe, Code.exe, brave.exe, SearchIndexer.exe, dllhost.exe, ApplicationFrameHost.exe, avpui.exe, GameBarFTServer.exe, svchost.exe, Code.exe, SystemSettings.exe, brave.exe, svchost.exe, nvsphelper64.exe, NVIDIA Share.exe, Code.exe, TextInputHost.exe, svchost.exe, RuntimeBroker.exe, NVIDIA Share.exe, GoogleCrashHandler.exe, GoogleCrashHandler64.exe, RuntimeBroker.exe, BraveCrashHandler.exe, svchost.exe, BraveCrashHandler64.exe, GameBar.exe, SgrmBroker.exe, svchost.exe, HPCommRecovery.exe, unsecapp.exe, brave.exe, HP.JumpStarts.exe, brave.exe, svchost.exe, OmenCommandCenterBackground.exe, RtkAudUService64.exe, RuntimeBroker.exe, SecurityHealthSystray.exe, SecurityHealthService.exe, brave.exe, svchost.exe, Code.exe, DataExchangeHost.exe, dllhost.exe, Code.exe, svchost.exe, svchost.exe, PhoneExperienceHost.exe, svchost.exe, OneDrive.exe, TouchpointGpuInfo.exe, conhost.exe, conhost.exe, svchost.exe, Code.exe, RuntimeBroker.exe, HPAudioSwitch.exe, HPSystemEventUtilityHost.exe, svchost.exe, svchost.exe, Code.exe, Code.exe, taskhostw.exe, UserOOBEBroker.exe, svchost.exe, RuntimeBroker.exe, dllhost.exe, svchost.exe, BridgeCommunication.exe, svchost.exe, python.exe, RuntimeBroker.exe, cmd.exe",1,1679690780.9049256,86637,190773,12396520,255779742,0,0,0,0
HP-Pavilion,192.168.56.1,Windows,"System Idle Process, System, , Registry, smss.exe, csrss.exe, wininit.exe, csrss.exe, services.exe, LsaIso.exe, lsass.exe, winlogon.exe, brave.exe, brave.exe, svchost.exe, svchost.exe, fontdrvhost.exe, fontdrvhost.exe, WUDFHost.exe, svchost.exe, svchost.exe, dwm.exe, svchost.exe, svchost.exe, svchost.exe, svchost.exe, IntelCpHDCPSvc.exe, svchost.exe, svchost.exe, svchost.exe, svchost.exe, svchost.exe, svchost.exe, svchost.exe, svchost.exe, svchost.exe, conhost.exe, svchost.exe, svchost.exe, IntelCpHeciSvc.exe, svchost.exe, svchost.exe, kpm_tray.exe, Code.exe, svchost.exe, AppHelperCap.exe, DiagsCap.exe, NetworkCap.exe, OmenCap.exe, svchost.exe, SysInfoCap.exe, svchost.exe, TouchpointAnalyticsClientService.exe, wlanext.exe, svchost.exe, conhost.exe, svchost.exe, Code.exe, svchost.exe, svchost.exe, svchost.exe, WmiPrvSE.exe, svchost.exe, WhatsApp.exe, unsecapp.exe, brave.exe, NVDisplay.Container.exe, svchost.exe, WmiPrvSE.exe, svchost.exe, svchost.exe, svchost.exe, svchost.exe, igfxCUIService.exe, MemCompression, svchost.exe, svchost.exe, brave.exe, BridgeCommunication.exe, svchost.exe, svchost.exe, NVDisplay.Container.exe, SystemSettingsBroker.exe, svchost.exe, svchost.exe, brave.exe, svchost.exe, svchost.exe, brave.exe, svchost.exe, OfficeClickToRun.exe, svchost.exe, svchost.exe, AGSService.exe, svchost.exe, svchost.exe, IGCC.exe, brave.exe, brave.exe, spoolsv.exe, svchost.exe, RuntimeBroker.exe, svchost.exe, Microsoft.SharePoint.exe, brave.exe, OneApp.IGCC.WinService.exe, svchost.exe, ibtsiva.exe, dllhost.exe, AGMService.exe, svchost.exe, backgroundTaskHost.exe, armsvc.exe, svchost.exe, svchost.exe, avp.exe, ETDService.exe, svchost.exe, svchost.exe, IpOverUsbSvc.exe, esif_uf.exe, HpHwDiag.exe, LMS.exe, svchost.exe, mysqld.exe, svchost.exe, RstMwService.exe, RtkAudUService64.exe, mongod.exe, svchost.exe, SECOMN64.exe, nvcontainer.exe, WmiPrvSE.exe, ss_conn_service.exe, ss_conn_service2.exe, svchost.exe, vmware-authd.exe, vmnetdhcp.exe, vmware-usbarbitrator64.exe, vmnat.exe, cmd.exe, svchost.exe, jhi_service.exe, brave.exe, Rainmeter.exe, rundll32.exe, NVIDIA Share.exe, ctfmon.exe, mysqld.exe, svchost.exe, RuntimeBroker.exe, conhost.exe, svchost.exe, XboxGameBarSpotify.exe, svchost.exe, brave.exe, svchost.exe, AggregatorHost.exe, svchost.exe, RuntimeBroker.exe, ETDCtrl.exe, sihost.exe, brave.exe, NVIDIA Web Helper.exe, svchost.exe, svchost.exe, svchost.exe, PresentationFontCache.exe, svchost.exe, svchost.exe, taskhostw.exe, SystemOptimizer.exe, cmd.exe, nvcontainer.exe, nvcontainer.exe, svchost.exe, igfxEM.exe, acrotray.exe, brave.exe, explorer.exe, python.exe, svchost.exe, svchost.exe, Video.UI.exe, svchost.exe, svchost.exe, hpqwmiex.exe, Code.exe, SearchHost.exe, ShellExperienceHost.exe, StartMenuExperienceHost.exe, conhost.exe, svchost.exe, Widgets.exe, svchost.exe, brave.exe, RuntimeBroker.exe, svchost.exe, svchost.exe, Code.exe, RuntimeBroker.exe, dasHost.exe, Code.exe, brave.exe, SearchIndexer.exe, dllhost.exe, ApplicationFrameHost.exe, avpui.exe, GameBarFTServer.exe, svchost.exe, Code.exe, SystemSettings.exe, brave.exe, svchost.exe, nvsphelper64.exe, NVIDIA Share.exe, Code.exe, TextInputHost.exe, svchost.exe, RuntimeBroker.exe, NVIDIA Share.exe, GoogleCrashHandler.exe, GoogleCrashHandler64.exe, RuntimeBroker.exe, BraveCrashHandler.exe, svchost.exe, BraveCrashHandler64.exe, GameBar.exe, SgrmBroker.exe, svchost.exe, HPCommRecovery.exe, unsecapp.exe, brave.exe, HP.JumpStarts.exe, brave.exe, svchost.exe, OmenCommandCenterBackground.exe, RtkAudUService64.exe, RuntimeBroker.exe, SecurityHealthSystray.exe, SecurityHealthService.exe, svchost.exe, brave.exe, svchost.exe, Code.exe, DataExchangeHost.exe, dllhost.exe, Code.exe, svchost.exe, svchost.exe, PhoneExperienceHost.exe, svchost.exe, OneDrive.exe, TouchpointGpuInfo.exe, conhost.exe, conhost.exe, svchost.exe, Code.exe, RuntimeBroker.exe, HPAudioSwitch.exe, HPSystemEventUtilityHost.exe, svchost.exe, svchost.exe, Code.exe, backgroundTaskHost.exe, Code.exe, taskhostw.exe, UserOOBEBroker.exe, svchost.exe, RuntimeBroker.exe, dllhost.exe, svchost.exe, BridgeCommunication.exe, svchost.exe, RuntimeBroker.exe, RuntimeBroker.exe, cmd.exe, backgroundTaskHost.exe",1,1679690811.7779229,86751,190894,12432712,255818545,0,0,0,0
HP-Pavilion,192.168.56.1,Windows,"System Idle Process, System, , Registry, smss.exe, csrss.exe, wininit.exe, csrss.exe, services.exe, LsaIso.exe, lsass.exe, winlogon.exe, brave.exe, brave.exe, svchost.exe, svchost.exe, fontdrvhost.exe, fontdrvhost.exe, WUDFHost.exe, svchost.exe, svchost.exe, dwm.exe, svchost.exe, svchost.exe, svchost.exe, svchost.exe, IntelCpHDCPSvc.exe, svchost.exe, svchost.exe, svchost.exe, svchost.exe, svchost.exe, svchost.exe, svchost.exe, svchost.exe, svchost.exe, conhost.exe, svchost.exe, svchost.exe, IntelCpHeciSvc.exe, svchost.exe, svchost.exe, kpm_tray.exe, Code.exe, svchost.exe, AppHelperCap.exe, DiagsCap.exe, NetworkCap.exe, OmenCap.exe, svchost.exe, SysInfoCap.exe, svchost.exe, TouchpointAnalyticsClientService.exe, wlanext.exe, svchost.exe, conhost.exe, svchost.exe, Code.exe, svchost.exe, svchost.exe, svchost.exe, WmiPrvSE.exe, svchost.exe, WhatsApp.exe, unsecapp.exe, brave.exe, NVDisplay.Container.exe, svchost.exe, WmiPrvSE.exe, svchost.exe, svchost.exe, svchost.exe, svchost.exe, igfxCUIService.exe, MemCompression, svchost.exe, svchost.exe, brave.exe, BridgeCommunication.exe, svchost.exe, svchost.exe, NVDisplay.Container.exe, SystemSettingsBroker.exe, svchost.exe, svchost.exe, brave.exe, svchost.exe, svchost.exe, brave.exe, svchost.exe, OfficeClickToRun.exe, svchost.exe, svchost.exe, AGSService.exe, svchost.exe, svchost.exe, IGCC.exe, brave.exe, brave.exe, spoolsv.exe, svchost.exe, svchost.exe, Microsoft.SharePoint.exe, brave.exe, OneApp.IGCC.WinService.exe, svchost.exe, ibtsiva.exe, dllhost.exe, AGMService.exe, svchost.exe, backgroundTaskHost.exe, armsvc.exe, svchost.exe, svchost.exe, avp.exe, ETDService.exe, svchost.exe, svchost.exe, IpOverUsbSvc.exe, esif_uf.exe, HpHwDiag.exe, LMS.exe, svchost.exe, mysqld.exe, svchost.exe, RstMwService.exe, RtkAudUService64.exe, mongod.exe, svchost.exe, SECOMN64.exe, nvcontainer.exe, WmiPrvSE.exe, ss_conn_service.exe, ss_conn_service2.exe, svchost.exe, vmware-authd.exe, vmnetdhcp.exe, vmware-usbarbitrator64.exe, vmnat.exe, cmd.exe, svchost.exe, jhi_service.exe, brave.exe, Rainmeter.exe, rundll32.exe, NVIDIA Share.exe, ctfmon.exe, mysqld.exe, svchost.exe, RuntimeBroker.exe, conhost.exe, svchost.exe, XboxGameBarSpotify.exe, svchost.exe, brave.exe, svchost.exe, AggregatorHost.exe, svchost.exe, RuntimeBroker.exe, ETDCtrl.exe, sihost.exe, brave.exe, NVIDIA Web Helper.exe, svchost.exe, svchost.exe, svchost.exe, PresentationFontCache.exe, svchost.exe, svchost.exe, taskhostw.exe, SystemOptimizer.exe, cmd.exe, nvcontainer.exe, nvcontainer.exe, svchost.exe, igfxEM.exe, acrotray.exe, brave.exe, Code.exe, explorer.exe, python.exe, svchost.exe, svchost.exe, Video.UI.exe, svchost.exe, svchost.exe, hpqwmiex.exe, Code.exe, SearchHost.exe, ShellExperienceHost.exe, StartMenuExperienceHost.exe, conhost.exe, audiodg.exe, svchost.exe, Widgets.exe, svchost.exe, brave.exe, RuntimeBroker.exe, svchost.exe, svchost.exe, Code.exe, RuntimeBroker.exe, dasHost.exe, Code.exe, brave.exe, SearchIndexer.exe, dllhost.exe, ApplicationFrameHost.exe, avpui.exe, GameBarFTServer.exe, svchost.exe, Code.exe, SystemSettings.exe, brave.exe, svchost.exe, nvsphelper64.exe, NVIDIA Share.exe, Code.exe, TextInputHost.exe, svchost.exe, RuntimeBroker.exe, NVIDIA Share.exe, GoogleCrashHandler.exe, GoogleCrashHandler64.exe, RuntimeBroker.exe, BraveCrashHandler.exe, svchost.exe, BraveCrashHandler64.exe, GameBar.exe, SgrmBroker.exe, svchost.exe, HPCommRecovery.exe, unsecapp.exe, brave.exe, HP.JumpStarts.exe, brave.exe, svchost.exe, OmenCommandCenterBackground.exe, RtkAudUService64.exe, RuntimeBroker.exe, svchost.exe, SecurityHealthSystray.exe, SecurityHealthService.exe, svchost.exe, brave.exe, svchost.exe, Code.exe, DataExchangeHost.exe, dllhost.exe, Code.exe, svchost.exe, svchost.exe, PhoneExperienceHost.exe, svchost.exe, OneDrive.exe, TouchpointGpuInfo.exe, conhost.exe, conhost.exe, Code.exe, RuntimeBroker.exe, HPAudioSwitch.exe, HPSystemEventUtilityHost.exe, svchost.exe, svchost.exe, Code.exe, Code.exe, taskhostw.exe, UserOOBEBroker.exe, svchost.exe, RuntimeBroker.exe, dllhost.exe, svchost.exe, BridgeCommunication.exe, svchost.exe, RuntimeBroker.exe, RuntimeBroker.exe, cmd.exe",1,1679690904.813709,88092,193793,12739826,259500003,0,0,0,0
HP-Pavilion,192.168.56.1,Windows,"System Idle Process, System, , Registry, smss.exe, csrss.exe, wininit.exe, csrss.exe, services.exe, LsaIso.exe, lsass.exe, winlogon.exe, brave.exe, brave.exe, svchost.exe, svchost.exe, fontdrvhost.exe, fontdrvhost.exe, WUDFHost.exe, svchost.exe, svchost.exe, dwm.exe, svchost.exe, svchost.exe, svchost.exe, svchost.exe, IntelCpHDCPSvc.exe, svchost.exe, svchost.exe, svchost.exe, svchost.exe, svchost.exe, svchost.exe, svchost.exe, svchost.exe, svchost.exe, conhost.exe, svchost.exe, svchost.exe, IntelCpHeciSvc.exe, svchost.exe, svchost.exe, kpm_tray.exe, Code.exe, svchost.exe, AppHelperCap.exe, DiagsCap.exe, NetworkCap.exe, OmenCap.exe, svchost.exe, SysInfoCap.exe, svchost.exe, TouchpointAnalyticsClientService.exe, wlanext.exe, svchost.exe, conhost.exe, svchost.exe, Code.exe, svchost.exe, svchost.exe, svchost.exe, WmiPrvSE.exe, svchost.exe, WhatsApp.exe, unsecapp.exe, brave.exe, NVDisplay.Container.exe, svchost.exe, WmiPrvSE.exe, svchost.exe, svchost.exe, svchost.exe, svchost.exe, igfxCUIService.exe, MemCompression, svchost.exe, svchost.exe, brave.exe, BridgeCommunication.exe, svchost.exe, svchost.exe, NVDisplay.Container.exe, SystemSettingsBroker.exe, svchost.exe, svchost.exe, brave.exe, svchost.exe, svchost.exe, brave.exe, svchost.exe, OfficeClickToRun.exe, svchost.exe, svchost.exe, AGSService.exe, svchost.exe, svchost.exe, IGCC.exe, brave.exe, brave.exe, spoolsv.exe, svchost.exe, svchost.exe, Microsoft.SharePoint.exe, brave.exe, OneApp.IGCC.WinService.exe, svchost.exe, ibtsiva.exe, dllhost.exe, AGMService.exe, svchost.exe, backgroundTaskHost.exe, armsvc.exe, svchost.exe, svchost.exe, avp.exe, ETDService.exe, svchost.exe, svchost.exe, IpOverUsbSvc.exe, esif_uf.exe, HpHwDiag.exe, LMS.exe, svchost.exe, mysqld.exe, svchost.exe, RstMwService.exe, RtkAudUService64.exe, mongod.exe, svchost.exe, SECOMN64.exe, nvcontainer.exe, WmiPrvSE.exe, ss_conn_service.exe, ss_conn_service2.exe, svchost.exe, vmware-authd.exe, vmnetdhcp.exe, vmware-usbarbitrator64.exe, vmnat.exe, cmd.exe, svchost.exe, jhi_service.exe, brave.exe, Rainmeter.exe, rundll32.exe, NVIDIA Share.exe, ctfmon.exe, mysqld.exe, svchost.exe, RuntimeBroker.exe, conhost.exe, svchost.exe, XboxGameBarSpotify.exe, svchost.exe, brave.exe, svchost.exe, AggregatorHost.exe, svchost.exe, RuntimeBroker.exe, ETDCtrl.exe, sihost.exe, brave.exe, NVIDIA Web Helper.exe, svchost.exe, svchost.exe, svchost.exe, PresentationFontCache.exe, svchost.exe, svchost.exe, taskhostw.exe, SystemOptimizer.exe, cmd.exe, nvcontainer.exe, nvcontainer.exe, svchost.exe, igfxEM.exe, acrotray.exe, brave.exe, Code.exe, explorer.exe, python.exe, svchost.exe, svchost.exe, Video.UI.exe, svchost.exe, svchost.exe, hpqwmiex.exe, Code.exe, SearchHost.exe, ShellExperienceHost.exe, StartMenuExperienceHost.exe, conhost.exe, audiodg.exe, svchost.exe, Widgets.exe, svchost.exe, brave.exe, RuntimeBroker.exe, svchost.exe, svchost.exe, Code.exe, RuntimeBroker.exe, dasHost.exe, Code.exe, brave.exe, SearchIndexer.exe, dllhost.exe, ApplicationFrameHost.exe, avpui.exe, GameBarFTServer.exe, svchost.exe, Code.exe, SystemSettings.exe, brave.exe, svchost.exe, nvsphelper64.exe, NVIDIA Share.exe, Code.exe, TextInputHost.exe, svchost.exe, RuntimeBroker.exe, NVIDIA Share.exe, GoogleCrashHandler.exe, GoogleCrashHandler64.exe, RuntimeBroker.exe, BraveCrashHandler.exe, svchost.exe, BraveCrashHandler64.exe, GameBar.exe, SgrmBroker.exe, svchost.exe, HPCommRecovery.exe, unsecapp.exe, brave.exe, HP.JumpStarts.exe, brave.exe, svchost.exe, OmenCommandCenterBackground.exe, RtkAudUService64.exe, RuntimeBroker.exe, svchost.exe, SecurityHealthSystray.exe, SecurityHealthService.exe, svchost.exe, brave.exe, svchost.exe, Code.exe, DataExchangeHost.exe, dllhost.exe, Code.exe, svchost.exe, svchost.exe, PhoneExperienceHost.exe, svchost.exe, OneDrive.exe, TouchpointGpuInfo.exe, conhost.exe, conhost.exe, Code.exe, RuntimeBroker.exe, HPAudioSwitch.exe, HPSystemEventUtilityHost.exe, svchost.exe, svchost.exe, Code.exe, Code.exe, taskhostw.exe, UserOOBEBroker.exe, svchost.exe, RuntimeBroker.exe, dllhost.exe, svchost.exe, BridgeCommunication.exe, svchost.exe, RuntimeBroker.exe, cmd.exe",1,1679690935.810109,88748,195550,12940609,261775288,0,0,0,0
HP-Pavilion,192.168.56.1,Windows,"System Idle Process, System, , Registry, smss.exe, csrss.exe, wininit.exe, csrss.exe, services.exe, LsaIso.exe, lsass.exe, winlogon.exe, brave.exe, brave.exe, svchost.exe, svchost.exe, fontdrvhost.exe, fontdrvhost.exe, WUDFHost.exe, svchost.exe, svchost.exe, dwm.exe, svchost.exe, svchost.exe, svchost.exe, svchost.exe, IntelCpHDCPSvc.exe, svchost.exe, svchost.exe, svchost.exe, svchost.exe, svchost.exe, svchost.exe, svchost.exe, svchost.exe, svchost.exe, conhost.exe, svchost.exe, svchost.exe, IntelCpHeciSvc.exe, svchost.exe, svchost.exe, kpm_tray.exe, Code.exe, svchost.exe, AppHelperCap.exe, DiagsCap.exe, NetworkCap.exe, OmenCap.exe, svchost.exe, SysInfoCap.exe, svchost.exe, TouchpointAnalyticsClientService.exe, wlanext.exe, svchost.exe, conhost.exe, svchost.exe, Code.exe, svchost.exe, svchost.exe, svchost.exe, WmiPrvSE.exe, svchost.exe, WhatsApp.exe, unsecapp.exe, brave.exe, NVDisplay.Container.exe, svchost.exe, WmiPrvSE.exe, svchost.exe, svchost.exe, svchost.exe, svchost.exe, igfxCUIService.exe, MemCompression, svchost.exe, svchost.exe, brave.exe, BridgeCommunication.exe, svchost.exe, svchost.exe, NVDisplay.Container.exe, SystemSettingsBroker.exe, svchost.exe, svchost.exe, brave.exe, svchost.exe, svchost.exe, brave.exe, svchost.exe, OfficeClickToRun.exe, svchost.exe, svchost.exe, AGSService.exe, svchost.exe, svchost.exe, IGCC.exe, brave.exe, brave.exe, spoolsv.exe, svchost.exe, svchost.exe, Microsoft.SharePoint.exe, brave.exe, OneApp.IGCC.WinService.exe, svchost.exe, ibtsiva.exe, dllhost.exe, AGMService.exe, svchost.exe, backgroundTaskHost.exe, armsvc.exe, svchost.exe, svchost.exe, avp.exe, ETDService.exe, svchost.exe, svchost.exe, IpOverUsbSvc.exe, esif_uf.exe, HpHwDiag.exe, LMS.exe, svchost.exe, mysqld.exe, svchost.exe, RstMwService.exe, RtkAudUService64.exe, mongod.exe, svchost.exe, SECOMN64.exe, nvcontainer.exe, WmiPrvSE.exe, ss_conn_service.exe, ss_conn_service2.exe, svchost.exe, vmware-authd.exe, vmnetdhcp.exe, vmware-usbarbitrator64.exe, vmnat.exe, cmd.exe, svchost.exe, jhi_service.exe, brave.exe, Rainmeter.exe, rundll32.exe, NVIDIA Share.exe, ctfmon.exe, mysqld.exe, svchost.exe, RuntimeBroker.exe, conhost.exe, svchost.exe, XboxGameBarSpotify.exe, svchost.exe, brave.exe, svchost.exe, AggregatorHost.exe, svchost.exe, RuntimeBroker.exe, ETDCtrl.exe, sihost.exe, brave.exe, NVIDIA Web Helper.exe, svchost.exe, svchost.exe, svchost.exe, PresentationFontCache.exe, svchost.exe, svchost.exe, taskhostw.exe, SystemOptimizer.exe, cmd.exe, nvcontainer.exe, nvcontainer.exe, svchost.exe, igfxEM.exe, acrotray.exe, brave.exe, Code.exe, explorer.exe, svchost.exe, svchost.exe, Video.UI.exe, svchost.exe, svchost.exe, hpqwmiex.exe, Code.exe, SearchHost.exe, ShellExperienceHost.exe, StartMenuExperienceHost.exe, conhost.exe, audiodg.exe, svchost.exe, Widgets.exe, svchost.exe, brave.exe, RuntimeBroker.exe, svchost.exe, svchost.exe, Code.exe, RuntimeBroker.exe, dasHost.exe, Code.exe, brave.exe, SearchIndexer.exe, dllhost.exe, ApplicationFrameHost.exe, avpui.exe, GameBarFTServer.exe, svchost.exe, Code.exe, SystemSettings.exe, brave.exe, svchost.exe, nvsphelper64.exe, NVIDIA Share.exe, Code.exe, TextInputHost.exe, svchost.exe, RuntimeBroker.exe, NVIDIA Share.exe, GoogleCrashHandler.exe, GoogleCrashHandler64.exe, RuntimeBroker.exe, BraveCrashHandler.exe, svchost.exe, BraveCrashHandler64.exe, GameBar.exe, SgrmBroker.exe, svchost.exe, HPCommRecovery.exe, unsecapp.exe, brave.exe, HP.JumpStarts.exe, brave.exe, svchost.exe, OmenCommandCenterBackground.exe, RtkAudUService64.exe, RuntimeBroker.exe, svchost.exe, SecurityHealthSystray.exe, SecurityHealthService.exe, svchost.exe, brave.exe, svchost.exe, Code.exe, DataExchangeHost.exe, dllhost.exe, Code.exe, svchost.exe, svchost.exe, PhoneExperienceHost.exe, svchost.exe, OneDrive.exe, TouchpointGpuInfo.exe, conhost.exe, conhost.exe, Code.exe, RuntimeBroker.exe, HPAudioSwitch.exe, HPSystemEventUtilityHost.exe, svchost.exe, svchost.exe, Code.exe, Code.exe, taskhostw.exe, UserOOBEBroker.exe, svchost.exe, RuntimeBroker.exe, dllhost.exe, svchost.exe, BridgeCommunication.exe, svchost.exe, RuntimeBroker.exe, python.exe, cmd.exe",1,1679690949.2972205,88908,195774,13019520,261909214,0,0,0,0
HP-Pavilion,192.168.56.1,Windows,"System Idle Process, System, , Registry, smss.exe, csrss.exe, wininit.exe, csrss.exe, services.exe, LsaIso.exe, lsass.exe, winlogon.exe, brave.exe, brave.exe, svchost.exe, svchost.exe, fontdrvhost.exe, fontdrvhost.exe, WUDFHost.exe, svchost.exe, svchost.exe, dwm.exe, svchost.exe, svchost.exe, svchost.exe, svchost.exe, IntelCpHDCPSvc.exe, svchost.exe, svchost.exe, svchost.exe, svchost.exe, svchost.exe, svchost.exe, svchost.exe, svchost.exe, svchost.exe, conhost.exe, svchost.exe, svchost.exe, IntelCpHeciSvc.exe, svchost.exe, svchost.exe, kpm_tray.exe, Code.exe, svchost.exe, AppHelperCap.exe, DiagsCap.exe, NetworkCap.exe, OmenCap.exe, svchost.exe, SysInfoCap.exe, svchost.exe, TouchpointAnalyticsClientService.exe, wlanext.exe, svchost.exe, conhost.exe, svchost.exe, Code.exe, svchost.exe, svchost.exe, svchost.exe, WmiPrvSE.exe, svchost.exe, WhatsApp.exe, unsecapp.exe, brave.exe, NVDisplay.Container.exe, svchost.exe, WmiPrvSE.exe, svchost.exe, svchost.exe, svchost.exe, svchost.exe, igfxCUIService.exe, MemCompression, svchost.exe, svchost.exe, brave.exe, BridgeCommunication.exe, svchost.exe, svchost.exe, NVDisplay.Container.exe, SystemSettingsBroker.exe, svchost.exe, svchost.exe, brave.exe, svchost.exe, svchost.exe, brave.exe, svchost.exe, OfficeClickToRun.exe, svchost.exe, svchost.exe, AGSService.exe, svchost.exe, svchost.exe, IGCC.exe, brave.exe, brave.exe, spoolsv.exe, svchost.exe, svchost.exe, Microsoft.SharePoint.exe, brave.exe, OneApp.IGCC.WinService.exe, svchost.exe, ibtsiva.exe, dllhost.exe, AGMService.exe, svchost.exe, backgroundTaskHost.exe, armsvc.exe, svchost.exe, svchost.exe, avp.exe, ETDService.exe, svchost.exe, svchost.exe, IpOverUsbSvc.exe, esif_uf.exe, HpHwDiag.exe, LMS.exe, svchost.exe, mysqld.exe, svchost.exe, RstMwService.exe, RtkAudUService64.exe, mongod.exe, svchost.exe, SECOMN64.exe, nvcontainer.exe, WmiPrvSE.exe, ss_conn_service.exe, ss_conn_service2.exe, svchost.exe, vmware-authd.exe, vmnetdhcp.exe, vmware-usbarbitrator64.exe, vmnat.exe, cmd.exe, svchost.exe, jhi_service.exe, brave.exe, Rainmeter.exe, rundll32.exe, NVIDIA Share.exe, ctfmon.exe, mysqld.exe, svchost.exe, RuntimeBroker.exe, conhost.exe, svchost.exe, XboxGameBarSpotify.exe, svchost.exe, brave.exe, svchost.exe, AggregatorHost.exe, svchost.exe, RuntimeBroker.exe, ETDCtrl.exe, sihost.exe, brave.exe, NVIDIA Web Helper.exe, svchost.exe, svchost.exe, svchost.exe, PresentationFontCache.exe, svchost.exe, svchost.exe, taskhostw.exe, SystemOptimizer.exe, cmd.exe, nvcontainer.exe, nvcontainer.exe, svchost.exe, igfxEM.exe, acrotray.exe, brave.exe, explorer.exe, svchost.exe, svchost.exe, Video.UI.exe, svchost.exe, svchost.exe, hpqwmiex.exe, Code.exe, SearchHost.exe, ShellExperienceHost.exe, StartMenuExperienceHost.exe, conhost.exe, audiodg.exe, svchost.exe, Widgets.exe, svchost.exe, brave.exe, RuntimeBroker.exe, svchost.exe, svchost.exe, Code.exe, RuntimeBroker.exe, dasHost.exe, Code.exe, brave.exe, SearchIndexer.exe, dllhost.exe, ApplicationFrameHost.exe, avpui.exe, GameBarFTServer.exe, svchost.exe, Code.exe, SystemSettings.exe, brave.exe, svchost.exe, nvsphelper64.exe, NVIDIA Share.exe, Code.exe, TextInputHost.exe, svchost.exe, RuntimeBroker.exe, NVIDIA Share.exe, GoogleCrashHandler.exe, GoogleCrashHandler64.exe, RuntimeBroker.exe, BraveCrashHandler.exe, svchost.exe, BraveCrashHandler64.exe, GameBar.exe, SgrmBroker.exe, svchost.exe, HPCommRecovery.exe, unsecapp.exe, brave.exe, HP.JumpStarts.exe, brave.exe, svchost.exe, OmenCommandCenterBackground.exe, RtkAudUService64.exe, RuntimeBroker.exe, svchost.exe, SecurityHealthSystray.exe, SecurityHealthService.exe, svchost.exe, brave.exe, svchost.exe, Code.exe, DataExchangeHost.exe, dllhost.exe, Code.exe, svchost.exe, svchost.exe, PhoneExperienceHost.exe, svchost.exe, OneDrive.exe, TouchpointGpuInfo.exe, conhost.exe, conhost.exe, Code.exe, RuntimeBroker.exe, HPAudioSwitch.exe, HPSystemEventUtilityHost.exe, svchost.exe, svchost.exe, Code.exe, Code.exe, taskhostw.exe, UserOOBEBroker.exe, svchost.exe, RuntimeBroker.exe, dllhost.exe, svchost.exe, BridgeCommunication.exe, svchost.exe, RuntimeBroker.exe, python.exe, cmd.exe",1,1679690980.5112848,89558,197381,13111374,264109514,0,0,0,0
HP-Pavilion,192.168.56.1,Windows,"System Idle Process, System, , Registry, smss.exe, csrss.exe, wininit.exe, csrss.exe, services.exe, LsaIso.exe, lsass.exe, winlogon.exe, brave.exe, brave.exe, svchost.exe, svchost.exe, fontdrvhost.exe, fontdrvhost.exe, WUDFHost.exe, svchost.exe, svchost.exe, dwm.exe, svchost.exe, svchost.exe, svchost.exe, svchost.exe, IntelCpHDCPSvc.exe, svchost.exe, svchost.exe, svchost.exe, svchost.exe, svchost.exe, svchost.exe, svchost.exe, svchost.exe, svchost.exe, conhost.exe, svchost.exe, svchost.exe, IntelCpHeciSvc.exe, svchost.exe, svchost.exe, kpm_tray.exe, Code.exe, svchost.exe, AppHelperCap.exe, DiagsCap.exe, NetworkCap.exe, OmenCap.exe, svchost.exe, SysInfoCap.exe, svchost.exe, TouchpointAnalyticsClientService.exe, wlanext.exe, svchost.exe, conhost.exe, svchost.exe, Code.exe, svchost.exe, svchost.exe, svchost.exe, WmiPrvSE.exe, svchost.exe, WhatsApp.exe, unsecapp.exe, brave.exe, NVDisplay.Container.exe, svchost.exe, WmiPrvSE.exe, svchost.exe, svchost.exe, svchost.exe, svchost.exe, svchost.exe, python.exe, igfxCUIService.exe, MemCompression, svchost.exe, svchost.exe, brave.exe, BridgeCommunication.exe, svchost.exe, svchost.exe, NVDisplay.Container.exe, SystemSettingsBroker.exe, svchost.exe, svchost.exe, brave.exe, svchost.exe, svchost.exe, brave.exe, svchost.exe, OfficeClickToRun.exe, svchost.exe, svchost.exe, AGSService.exe, svchost.exe, svchost.exe, IGCC.exe, brave.exe, brave.exe, spoolsv.exe, svchost.exe, svchost.exe, Microsoft.SharePoint.exe, brave.exe, OneApp.IGCC.WinService.exe, svchost.exe, ibtsiva.exe, dllhost.exe, AGMService.exe, svchost.exe, backgroundTaskHost.exe, armsvc.exe, svchost.exe, svchost.exe, avp.exe, ETDService.exe, svchost.exe, svchost.exe, IpOverUsbSvc.exe, esif_uf.exe, HpHwDiag.exe, LMS.exe, svchost.exe, mysqld.exe, svchost.exe, RstMwService.exe, RtkAudUService64.exe, mongod.exe, svchost.exe, SECOMN64.exe, nvcontainer.exe, WmiPrvSE.exe, ss_conn_service.exe, ss_conn_service2.exe, svchost.exe, vmware-authd.exe, vmnetdhcp.exe, vmware-usbarbitrator64.exe, vmnat.exe, cmd.exe, svchost.exe, jhi_service.exe, brave.exe, Rainmeter.exe, rundll32.exe, NVIDIA Share.exe, ctfmon.exe, mysqld.exe, svchost.exe, RuntimeBroker.exe, conhost.exe, svchost.exe, XboxGameBarSpotify.exe, svchost.exe, brave.exe, svchost.exe, AggregatorHost.exe, svchost.exe, RuntimeBroker.exe, ETDCtrl.exe, sihost.exe, brave.exe, NVIDIA Web Helper.exe, svchost.exe, svchost.exe, svchost.exe, PresentationFontCache.exe, svchost.exe, svchost.exe, taskhostw.exe, SystemOptimizer.exe, cmd.exe, nvcontainer.exe, nvcontainer.exe, svchost.exe, igfxEM.exe, acrotray.exe, brave.exe, explorer.exe, svchost.exe, svchost.exe, Video.UI.exe, svchost.exe, hpqwmiex.exe, Code.exe, SearchHost.exe, ShellExperienceHost.exe, StartMenuExperienceHost.exe, conhost.exe, audiodg.exe, svchost.exe, Widgets.exe, svchost.exe, brave.exe, RuntimeBroker.exe, svchost.exe, svchost.exe, Code.exe, RuntimeBroker.exe, dasHost.exe, Code.exe, brave.exe, SearchIndexer.exe, dllhost.exe, ApplicationFrameHost.exe, avpui.exe, GameBarFTServer.exe, svchost.exe, Code.exe, SystemSettings.exe, brave.exe, svchost.exe, nvsphelper64.exe, NVIDIA Share.exe, Code.exe, TextInputHost.exe, svchost.exe, RuntimeBroker.exe, NVIDIA Share.exe, GoogleCrashHandler.exe, GoogleCrashHandler64.exe, RuntimeBroker.exe, BraveCrashHandler.exe, svchost.exe, BraveCrashHandler64.exe, GameBar.exe, SgrmBroker.exe, svchost.exe, HPCommRecovery.exe, unsecapp.exe, brave.exe, HP.JumpStarts.exe, brave.exe, svchost.exe, OmenCommandCenterBackground.exe, RtkAudUService64.exe, RuntimeBroker.exe, SecurityHealthSystray.exe, SecurityHealthService.exe, brave.exe, svchost.exe, Code.exe, DataExchangeHost.exe, dllhost.exe, Code.exe, svchost.exe, svchost.exe, PhoneExperienceHost.exe, svchost.exe, OneDrive.exe, TouchpointGpuInfo.exe, conhost.exe, conhost.exe, Code.exe, RuntimeBroker.exe, HPAudioSwitch.exe, HPSystemEventUtilityHost.exe, svchost.exe, svchost.exe, Code.exe, Code.exe, taskhostw.exe, UserOOBEBroker.exe, svchost.exe, RuntimeBroker.exe, dllhost.exe, svchost.exe, BridgeCommunication.exe, svchost.exe, RuntimeBroker.exe, cmd.exe",1,1679691601.0192645,102557,226725,16689460,301082601,0,0,0,0
